Workbook

Sheet Sheet1
A1: PLAYER | B1: GAMES | C1: C.G's | D1: HI GAME | E1: HI SET | F1: PINFALL | G1: AVG | H1: FRAMES | I1: Strike | J1: Strike % | K1: Doubles | L1: DBLES/ % | M1: Column 1 | N1: PLAYER | O1: SPARES | P1: SP. ATTS | Q1: SPARE % | R1: SP. Missed | S1: 9 / | T1: 1 Pin /Att | U1: 1 pin / % | V1: 9 -
A2: =Sheet3!A2 -> Luna | B2: =Sheet3!B2 -> 5 | C2: =Sheet3!K2 -> 0 | D2: =Sheet3!L2 -> 176 | F2: =Sheet3!C2 -> 767 | G2: =F2/B2 -> 153.4 | H2: =Sheet3!D2 -> 51 | I2: =Sheet3!E2 -> 16 | J2: =I2/H2 -> 0.31372549 | K2: =Sheet3!F2 -> 3 | L2: =K2/H2 -> 0.058823529 | N2: =Sheet3!A2 -> Luna | O2: =Sheet3!G2 -> 15 | P2: =Sheet3!H2 -> 33 | Q2: =O2/P2 -> 0.45454545 | R2: =P2-O2 -> 18 | S2: =Sheet3!I2 -> 6 | T2: =Sheet3!J2 -> 10 | U2: =S2/T2 -> 0.6 | V2: =T2-S2 -> 4
A3: =Sheet3!A3 -> Alex | B3: =Sheet3!B3 -> 5 | C3: =Sheet3!K3 -> 0 | D3: =Sheet3!L3 -> 185 | F3: =Sheet3!C3 -> 829 | G3: =F3/B3 -> 165.8 | H3: =Sheet3!D3 -> 50 | I3: =Sheet3!E3 -> 16 | J3: =I3/H3 -> 0.32 | K3: =Sheet3!F3 -> 7 | L3: =K3/H3 -> 0.14 | N3: =Sheet3!A3 -> Alex | O3: =Sheet3!G3 -> 16 | P3: =Sheet3!H3 -> 33 | Q3: =O3/P3 -> 0.48484848 | R3: =P3-O3 -> 17 | S3: =Sheet3!I3 -> 8 | T3: =Sheet3!J3 -> 15 | U3: =S3/T3 -> 0.53333333 | V3: =T3-S3 -> 7
A4: =Sheet3!A4 -> Zander | B4: =Sheet3!B4 -> 5 | C4: =Sheet3!K4 -> 0 | D4: =Sheet3!L4 -> 210 | F4: =Sheet3!C4 -> 885 | G4: =F4/B4 -> 177 | H4: =Sheet3!D4 -> 53 | I4: =Sheet3!E4 -> 24 | J4: =I4/H4 -> 0.45283019 | K4: =Sheet3!F4 -> 9 | L4: =K4/H4 -> 0.16981132 | N4: =Sheet3!A4 -> Zander | O4: =Sheet3!G4 -> 15 | P4: =Sheet3!H4 -> 28 | Q4: =O4/P4 -> 0.53571429 | R4: =P4-O4 -> 13 | S4: =Sheet3!I4 -> 6 | T4: =Sheet3!J4 -> 9 | U4: =S4/T4 -> 0.66666667 | V4: =T4-S4 -> 3
A5: =Sheet3!A5 -> Matt | B5: =Sheet3!B5 -> 5 | C5: =Sheet3!K5 -> 0 | D5: =Sheet3!L5 -> 221 | F5: =Sheet3!C5 -> 991 | G5: =F5/B5 -> 198.2 | H5: =Sheet3!D5 -> 51 | I5: =Sheet3!E5 -> 23 | J5: =I5/H5 -> 0.45098039 | K5: =Sheet3!F5 -> 14 | L5: =K5/H5 -> 0.2745098 | N5: =Sheet3!A5 -> Matt | O5: =Sheet3!G5 -> 15 | P5: =Sheet3!H5 -> 25 | Q5: =O5/P5 -> 0.6 | R5: =P5-O5 -> 10 | S5: =Sheet3!I5 -> 7 | T5: =Sheet3!J5 -> 9 | U5: =S5/T5 -> 0.77777778 | V5: =T5-S5 -> 2
A6: =Sheet3!A6 -> Michael | B6: =Sheet3!B6 -> 4 | C6: =Sheet3!K6 -> 0 | D6: =Sheet3!L6 -> 424 | F6: =Sheet3!C6 -> 578 | G6: =F6/B6 -> 144.5 | H6: =Sheet3!D6 -> 40 | I6: =Sheet3!E6 -> 7 | J6: =I6/H6 -> 0.175 | K6: =Sheet3!F6 -> 0 | L6: =K6/H6 -> 0 | N6: =Sheet3!A6 -> Michael | O6: =Sheet3!G6 -> 15 | P6: =Sheet3!H6 -> 32 | Q6: =O6/P6 -> 0.46875 | R6: =P6-O6 -> 17 | S6: =Sheet3!I6 -> 4 | T6: =Sheet3!J6 -> 7 | U6: =S6/T6 -> 0.57142857 | V6: =T6-S6 -> 3
A7: =Sheet3!A7 -> Jordan | B7: =Sheet3!B7 -> 3 | C7: =Sheet3!K7 -> 1 | D7: =Sheet3!L7 -> 247 | F7: =Sheet3!C7 -> 592 | G7: =F7/B7 -> 197.33333 | H7: =Sheet3!D7 -> 33 | I7: =Sheet3!E7 -> 17 | J7: =I7/H7 -> 0.51515152 | K7: =Sheet3!F7 -> 10 | L7: =K7/H7 -> 0.3030303 | N7: =Sheet3!A7 -> Jordan | O7: =Sheet3!G7 -> 10 | P7: =Sheet3!H7 -> 16 | Q7: =O7/P7 -> 0.625 | R7: =P7-O7 -> 6 | S7: =Sheet3!I7 -> 6 | T7: =Sheet3!J7 -> 9 | U7: =S7/T7 -> 0.66666667 | V7: =T7-S7 -> 3
A8: =Sheet3!A8 -> Cj | B8: =Sheet3!B8 -> 5 | C8: =Sheet3!K8 -> 1 | D8: =Sheet3!L8 -> 217 | F8: =Sheet3!C8 -> 938 | G8: =F8/B8 -> 187.6 | H8: =Sheet3!D8 -> 54 | I8: =Sheet3!E8 -> 24 | J8: =I8/H8 -> 0.44444444 | K8: =Sheet3!F8 -> 12 | L8: =K8/H8 -> 0.22222222 | N8: =Sheet3!A8 -> Cj | O8: =Sheet3!G8 -> 20 | P8: =Sheet3!H8 -> 30 | Q8: =O8/P8 -> 0.66666667 | R8: =P8-O8 -> 10 | S8: =Sheet3!I8 -> 11 | T8: =Sheet3!J8 -> 16 | U8: =S8/T8 -> 0.6875 | V8: =T8-S8 -> 5
A9: =Sheet3!A9 -> Mauro | B9: =Sheet3!B9 -> 4 | C9: =Sheet3!K9 -> 0 | D9: =Sheet3!L9 -> 201 | F9: =Sheet3!C9 -> 712 | G9: =F9/B9 -> 178 | H9: =Sheet3!D9 -> 43 | I9: =Sheet3!E9 -> 18 | J9: =I9/H9 -> 0.41860465 | K9: =Sheet3!F9 -> 6 | L9: =K9/H9 -> 0.13953488 | N9: =Sheet3!A9 -> Mauro | O9: =Sheet3!G9 -> 15 | P9: =Sheet3!H9 -> 25 | Q9: =O9/P9 -> 0.6 | R9: =P9-O9 -> 10 | S9: =Sheet3!I9 -> 10 | T9: =Sheet3!J9 -> 12 | U9: =S9/T9 -> 0.83333333 | V9: =T9-S9 -> 2
A10: =Sheet3!A10 -> Ej | B10: =Sheet3!B10 -> 2 | C10: =Sheet3!K10 -> 0 | D10: =Sheet3!L10 -> 184 | F10: =Sheet3!C10 -> 353 | G10: =F10/B10 -> 176.5 | H10: =Sheet3!D10 -> 20 | I10: =Sheet3!E10 -> 8 | J10: =I10/H10 -> 0.4 | K10: =Sheet3!F10 -> 4 | L10: =K10/H10 -> 0.2 | N10: =Sheet3!A10 -> Ej | O10: =Sheet3!G10 -> 5 | P10: =Sheet3!H10 -> 12 | Q10: =O10/P10 -> 0.41666667 | R10: =P10-O10 -> 7 | S10: =Sheet3!I10 -> 2 | T10: =Sheet3!J10 -> 4 | U10: =S10/T10 -> 0.5 | V10: =T10-S10 -> 2
A11: =Sheet3!A11 -> Chris 2.0 | B11: =Sheet3!B11 -> 4 | C11: =Sheet3!K11 -> 0 | D11: =Sheet3!L11 -> 257 | F11: =Sheet3!C11 -> 747 | G11: =F11/B11 -> 186.75 | H11: =Sheet3!D11 -> 42 | I11: =Sheet3!E11 -> 18 | J11: =I11/H11 -> 0.42857143 | K11: =Sheet3!F11 -> 10 | L11: =K11/H11 -> 0.23809524 | N11: =Sheet3!A11 -> Chris 2.0 | O11: =Sheet3!G11 -> 14 | P11: =Sheet3!H11 -> 24 | Q11: =O11/P11 -> 0.58333333 | R11: =P11-O11 -> 10 | S11: =Sheet3!I11 -> 7 | T11: =Sheet3!J11 -> 10 | U11: =S11/T11 -> 0.7 | V11: =T11-S11 -> 3
A12: =Sheet3!A12 -> Lukas | B12: =Sheet3!B12 -> 4 | C12: =Sheet3!K12 -> 0 | D12: =Sheet3!L12 -> 182 | F12: =Sheet3!C12 -> 566 | G12: =F12/B12 -> 141.5 | H12: =Sheet3!D12 -> 40 | I12: =Sheet3!E12 -> 9 | J12: =I12/H12 -> 0.225 | K12: =Sheet3!F12 -> 3 | L12: =K12/H12 -> 0.075 | N12: =Sheet3!A12 -> Lukas | O12: =Sheet3!G12 -> 10 | P12: =Sheet3!H12 -> 30 | Q12: =O12/P12 -> 0.33333333 | R12: =P12-O12 -> 20 | S12: =Sheet3!I12 -> 6 | T12: =Sheet3!J12 -> 7 | U12: =S12/T12 -> 0.85714286 | V12: =T12-S12 -> 1
A13: =Sheet3!A13 -> Sam | B13: =Sheet3!B13 -> 3 | C13: =Sheet3!K13 -> 0 | D13: =Sheet3!L13 -> 163 | F13: =Sheet3!C13 -> 449 | G13: =F13/B13 -> 149.66667 | H13: =Sheet3!D13 -> 32 | I13: =Sheet3!E13 -> 8 | J13: =I13/H13 -> 0.25 | K13: =Sheet3!F13 -> 3 | L13: =K13/H13 -> 0.09375 | N13: =Sheet3!A13 -> Sam | O13: =Sheet3!G13 -> 12 | P13: =Sheet3!H13 -> 24 | Q13: =O13/P13 -> 0.5 | R13: =P13-O13 -> 12 | S13: =Sheet3!I13 -> 6 | T13: =Sheet3!J13 -> 9 | U13: =S13/T13 -> 0.66666667 | V13: =T13-S13 -> 3
... A26: =Sheet3!A26 | B26: =Sheet3!B26 | C26: =Sheet3!K26 | D26: =Sheet3!L26 | F26: =Sheet3!C26 | G26: =F26/B26 -> #DIV/0! | H26: =Sheet3!D26 | I26: =Sheet3!E26 | J26: =I26/H26 -> #DIV/0! | K26: =Sheet3!F26 | L26: =K26/H26 -> #DIV/0! | N26: =Sheet3!A26 | O26: =Sheet3!G26 | P26: =Sheet3!H26 | Q26: =O26/P26 -> #DIV/0! | R26: =P26-O26 -> 0 | S26: =Sheet3!I26 | T26: =Sheet3!J26 | U26: =S26/T26 -> #DIV/0! | V26: =T26-S26 -> 0
A29: EIBT 1 | N29: EIBT 1
A30: Varsity | B30: 25 | C30: =sum(C5,C7,C8,C9,C10,C17,C21) -> 3 | D30: 247 | E30: 1011 | F30: =sum(F21,F5,F7,F8,F9,F10,F17) -> 4734 | G30: =F30/B30 -> 189.36 | H30: =SUM(H7,H8,H9,H10,H21,H17,H5) -> 262 | I30: =SUM(I7,I8,I9,I10,I17,I21,I5) -> 113 | J30: =I30/H30 -> 0.43129771 | K30: =SUM(K5,K8,K7,K9,K10,K17,K21) -> 56 | L30: =K30/H30 -> 0.21374046 | N30: Varsity | O30: =Sum(O5,O7,O8,O9,O10,O17,O21) -> 94 | P30: =sum(P5,P7,P8,P9,P10,P17,P21) -> 146 | Q30: =O30/P30 -> 0.64383562 | R30: =P30-O30 -> 52 | S30: =sum(S5,S7,S8,S9,S10,S17,S21) -> 52 | T30: =sum(T5,T7,T8,T9,T10,T17,T21) -> 68 | U30: =S30/T30 -> 0.76470588 | V30: =T30-S30 -> 16
A31: JV 1 | B31: 25 | C31: =sum(C3,C4,C11,C13,C14,C16,C20) -> 1 | D31: 257 | E31: 998 | F31: =sum(F3,F4,F11,F13,F14,F16,F20) -> 4214 | G31: =F31/B31 -> 168.56 | H31: =SUM(H3,H4,H11,H13,H14,H16,H20) -> 257 | I31: =SUM(I3,I4,I11,I13,I14,I16,I20) -> 88 | J31: =I31/H31 -> 0.34241245 | K31: =SUM(K3,K4,K11,K13,K14,K16,K20) -> 39 | L31: =K31/H31 -> 0.15175097 | N31: JV 1 | O31: =sum(O3,O4,O11,O13,O14,O16,O20) -> 85 | P31: =sum(P3,P4,P11,P13,P14,P16,P20) -> 165 | Q31: =O31/P31 -> 0.51515152 | R31: =P31-O31 -> 80 | S31: =sum(S3,S4,S11,S13,S14,S16,S20) -> 37 | T31: =sum(T3,T4,T11,T13,T14,T16,T20) -> 60 | U31: =S31/T31 -> 0.61666667 | V31: =T31-S31 -> 23
A32: JV 2 | B32: 25 | C32: =sum(C2,C6,C12,C15,C18,C19) -> 0 | D32: 424 | E32: 804 | F32: =sum(F2,F6,F12,F15,F18,F19) -> 3818 | G32: =F32/B32 -> 152.72 | H32: =sum(H2,H6,H12,H15,H18,H19) -> 251 | I32: =sum(I2,I6,I12,I15,I18,I19) -> 66 | J32: =I32/H32 -> 0.26294821 | K32: =SUM(K2,K6,K12,K15,K18,K19) -> 19 | L32: =K32/H32 -> 0.075697211 | N32: JV 2 | O32: =sum(O2,O6,O12,O15,O18,O19) -> 79 | P32: =sum(P2,P6,P12,P15,P18,P19) -> 179 | Q32: =O32/P32 -> 0.44134078 | R32: =P32-O32 -> 100 | S32: =sum(S2,S6,S12,S15,S18,S19) -> 37 | T32: =sum(T2,T6,T12,T15,T18,T19) -> 61 | U32: =S32/T32 -> 0.60655738 | V32: =T32-S32 -> 24
A34: Team Total | B34: 75 | C34: 1 | D34: 254 | E34: 945 | F34: =F30+F31+F32 -> 12766 | G34: =F34/B34 -> 170.21333 | H34: =SUM(H30:H32) -> 770 | I34: =SUM(I30:I32) -> 267 | J34: =I34/H34 -> 0.34675325 | K34: =SUM(K30:K32) -> 114 | L34: =K34/H34 -> 0.14805195 | N34: Team Total | O34: =SUM(O30:O32) -> 258 | P34: =SUM(P30:P32) -> 490 | Q34: =O34/P34 -> 0.52653061 | R34: =SUM(R30:R32) -> 232 | S34: =sum(S30:S32) -> 126 | T34: =sum(T30:T32) -> 189 | U34: =S34/T34 -> 0.66666667 | V34: =SUM(V30:V32) -> 63

Sheet Sheet2
A1: name | B1: 3,9,10 | C1: 3,9,10 Missed | D1: 1,2,4 | E1: 1,2,4 Missed | F1: 4,7 | G1: 4,7 Missed | H1: 1,2,3,4,5,6,7,8,9,10 | I1: 1,2,3,4,5,6,7,8,9,10 Missed | J1: 1,2,4,6,10 | K1: 1,2,4,6,10 Missed | L1: 7 | M1: 7 Missed | N1: 5 | O1: 5 Missed | P1: 1,2,4,5 | Q1: 1,2,4,5 Missed | R1: 4 | S1: 4 Missed | T1: 2,4,10 | U1: 2,4,10 Missed | V1: 1,2,4,10 | W1: 1,2,4,10 Missed | X1: 3,6,10 | Y1: 3,6,10 Missed | Z1: 2,4,5 | AA1: 2,4,5 Missed | AB1: 6 | AC1: 6 Missed | AD1: 3,9 | AE1: 3,9 Missed | AF1: 1,2,8 | AG1: 1,2,8 Missed | AH1: 3,6 | AI1: 3,6 Missed | AJ1: 1,2,8,10 | AK1: 1,2,8,10 Missed | AL1: 3,4,6,7,10 | AM1: 3,4,6,7,10 Missed | AN1: 4,6,7 | AO1: 4,6,7 Missed | AP1: 3,10 | AQ1: 3,10 Missed | AR1: 1,3,10 | AS1: 1,3,10 Missed | AT1: 5,10 | AU1: 5,10 Missed | AV1: 10 | AW1: 10 Missed | AX1: 2 | AY1: 2 Missed | AZ1: 3,6,9,10 | BA1: 3,6,9,10 Missed | BB1: 2,8,10 | BC1: 2,8,10 Missed | BD1: 3 | BE1: 3 Missed | BF1: 2,4,5,7 | BG1: 2,4,5,7 Missed | BH1: 1,2,5 | BI1: 1,2,5 Missed | BJ1: 1,2,6,10 | BK1: 1,2,6,10 Missed | BL1: 9 | BM1: 9 Missed | BN1: 4,6,7,10 | BO1: 4,6,7,10 Missed | BP1: 2,7 | BQ1: 2,7 Missed | BR1: 1,2,6,8,10 | BS1: 1,2,6,8,10 Missed | BT1: 4,9 | BU1: 4,9 Missed | BV1: 5,7 | BW1: 5,7 Missed | BX1: 1,3,9 | BY1: 1,3,9 Missed | BZ1: 1,3,8 | CA1: 1,3,8 Missed | CB1: 4,5,7 | CC1: 4,5,7 Missed | CD1: 3,6,7,10 | CE1: 3,6,7,10 Missed | CF1: 2,5,8 | CG1: 2,5,8 Missed | CH1: 2,8 | CI1: 2,8 Missed | CJ1: 6,10 | CK1: 6,10 Missed | CL1: 4,6 | CM1: 4,6 Missed | CN1: 1,2 | CO1: 1,2 Missed | CP1: 1,2,4,7 | CQ1: 1,2,4,7 Missed | CR1: 1,2,3,4,5,7,8 | CS1: 1,2,3,4,5,7,8 Missed | CT1: 1,3,6 | CU1: 1,3,6 Missed | CV1: 2,5 | CW1: 2,5 Missed | CX1: 1,3,6,9 | CY1: 1,3,6,9 Missed | CZ1: 6,9 | DA1: 6,9 Missed | DB1: 1,2,3,4,5,6,8,9,10 | DC1: 1,2,3,4,5,6,8,9,10 Missed | DD1: 1,4 | DE1: 1,4 Missed | DF1: 6,9,10 | DG1: 6,9,10 Missed | DH1: 8 | DI1: 8 Missed | DJ1: 5,8,9 | DK1: 5,8,9 Missed | DL1: 4,7,10 | DM1: 4,7,10 Missed | DN1: 1,2,3,5,6 | DO1: 1,2,3,5,6 Missed | DP1: 1,3,5,6 | DQ1: 1,3,5,6 Missed | DR1: 2,4,5,8 | DS1: 2,4,5,8 Missed | DT1: 2,4,7 | DU1: 2,4,7 Missed | DV1: 2,4,8,10 | DW1: 2,4,8,10 Missed | DX1: 1,2,5,7 | DY1: 1,2,5,7 Missed | DZ1: 1,2,5,9 | EA1: 1,2,5,9 Missed | EB1: 2,4,6,7,8,10 | EC1: 2,4,6,7,8,10 Missed | ED1: 1,3,4,7,9 | EE1: 1,3,4,7,9 Missed | EF1: 1,5,10 | EG1: 1,5,10 Missed | EH1: 1,2,5,8,9 | EI1: 1,2,5,8,9 Missed | EJ1: 7,10 | EK1: 7,10 Missed | EL1: 6,7 | EM1: 6,7 Missed | EN1: 1,2,7 | EO1: 1,2,7 Missed | EP1: 1,2,3,5,9 | EQ1: 1,2,3,5,9 Missed | ER1: 5,9 | ES1: 5,9 Missed | ET1: 1,3,6,10 | EU1: 1,3,6,10 Missed | EV1: 6,7,10 | EW1: 6,7,10 Missed | EX1: 1,2,3,5,6,9 | EY1: 1,2,3,5,6,9 Missed | EZ1: 1,3,6,8,10 | FA1: 1,3,6,8,10 Missed | FB1: 1,2,3,5,6,9,10 | FC1: 1,2,3,5,6,9,10 Missed | FD1: 2,4,5,7,8 | FE1: 2,4,5,7,8 Missed | FF1: 1,2,10 | FG1: 1,2,10 Missed | FH1: 3,4,6,7 | FI1: 3,4,6,7 Missed | FJ1: 2,7,8 | FK1: 2,7,8 Missed | FL1: 1,3,8,10 | FM1: 1,3,8,10 Missed | FN1: 1,2,4,8 | FO1: 1,2,4,8 Missed | FP1: 2,10 | FQ1: 2,10 Missed | FR1: 1,3,5 | FS1: 1,3,5 Missed | FT1: 1,2,3,4,5,7 | FU1: 1,2,3,4,5,7 Missed | FV1: 4,6,10 | FW1: 4,6,10 Missed
A2: Luna | B2: 1 | C2: 1 | D2: 1 | E2: 1 | F2: 1 | G2: 0 | H2: 2 | I2: 2 | J2: 1 | K2: 1 | L2: 1 | M2: 1 | N2: 1 | O2: 0 | P2: 1 | Q2: 0 | R2: 0 | S2: 0 | T2: 0 | U2: 0 | V2: 2 | W2: 2 | X2: 0 | Y2: 0 | Z2: 0 | AA2: 0 | AB2: 1 | AC2: 1 | AD2: 0 | AE2: 0 | AF2: 1 | AG2: 0 | AH2: 0 | AI2: 0 | AJ2: 0 | AK2: 0 | AL2: 0 | AM2: 0 | AN2: 0 | AO2: 0 | AP2: 2 | AQ2: 2 | AR2: 0 | AS2: 0 | AT2: 0 | AU2: 0 | AV2: 2 | AW2: 0 | AX2: 1 | AY2: 0 | AZ2: 0 | BA2: 0 | BB2: 0 | BC2: 0 | BD2: 2 | BE2: 1 | BF2: 0 | BG2: 0 | BH2: 0 | BI2: 0 | BJ2: 0 | BK2: 0 | BL2: 0 | BM2: 0 | BN2: 0 | BO2: 0 | BP2: 0 | BQ2: 0 | BR2: 1 | BS2: 1 | BT2: 0 | BU2: 0 | BV2: 0 | BW2: 0 | BX2: 0 | BY2: 0 | BZ2: 0 | CA2: 0 | CB2: 0 | CC2: 0 | CD2: 0 | CE2: 0 | CF2: 0 | CG2: 0 | CH2: 0 | CI2: 0 | CJ2: 1 | CK2: 0 | CL2: 0 | CM2: 0 | CN2: 1 | CO2: 0 | CP2: 0 | CQ2: 0 | CR2: 0 | CS2: 0 | CT2: 1 | CU2: 0 | CV2: 0 | CW2: 0 | CX2: 0 | CY2: 0 | CZ2: 0 | DA2: 0 | DB2: 0 | DC2: 0 | DD2: 0 | DE2: 0 | DF2: 0 | DG2: 0 | DH2: 1 | DI2: 1 | DJ2: 0 | DK2: 0 | DL2: 0 | DM2: 0 | DN2: 0 | DO2: 0 | DP2: 0 | DQ2: 0 | DR2: 1 | DS2: 0 | DT2: 0 | DU2: 0 | DV2: 1 | DW2: 0 | DX2: 0 | DY2: 0 | DZ2: 0 | EA2: 0 | EB2: 0 | EC2: 0 | ED2: 0 | EE2: 0 | EF2: 0 | EG2: 0 | EH2: 0 | EI2: 0 | EJ2: 0 | EK2: 0 | EL2: 0 | EM2: 0 | EN2: 1 | EO2: 1 | EP2: 0 | EQ2: 0 | ER2: 0 | ES2: 0 | ET2: 0 | EU2: 0 | EV2: 1 | EW2: 1 | EX2: 0 | EY2: 0 | EZ2: 0 | FA2: 0 | FB2: 0 | FC2: 0 | FD2: 0 | FE2: 0 | FF2: 2 | FG2: 1 | FH2: 0 | FI2: 0 | FJ2: 0 | FK2: 0 | FL2: 0 | FM2: 0 | FN2: 0 | FO2: 0 | FP2: 0 | FQ2: 0 | FR2: 0 | FS2: 0 | FT2: 0 | FU2: 0 | FV2: 1 | FW2: 1
A3: Alex | B3: 0 | C3: 0 | D3: 0 | E3: 0 | F3: 0 | G3: 0 | H3: 1 | I3: 1 | J3: 0 | K3: 0 | L3: 0 | M3: 0 | N3: 1 | O3: 1 | P3: 0 | Q3: 0 | R3: 4 | S3: 3 | T3: 1 | U3: 0 | V3: 1 | W3: 1 | X3: 4 | Y3: 2 | Z3: 2 | AA3: 1 | AB3: 3 | AC3: 1 | AD3: 1 | AE3: 1 | AF3: 1 | AG3: 0 | AH3: 2 | AI3: 0 | AJ3: 0 | AK3: 0 | AL3: 0 | AM3: 0 | AN3: 0 | AO3: 0 | AP3: 1 | AQ3: 1 | AR3: 0 | AS3: 0 | AT3: 0 | AU3: 0 | AV3: 1 | AW3: 1 | AX3: 0 | AY3: 0 | AZ3: 0 | BA3: 0 | BB3: 0 | BC3: 0 | BD3: 6 | BE3: 1 | BF3: 0 | BG3: 0 | BH3: 0 | BI3: 0 | BJ3: 0 | BK3: 0 | BL3: 0 | BM3: 0 | BN3: 0 | BO3: 0 | BP3: 0 | BQ3: 0 | BR3: 0 | BS3: 0 | BT3: 0 | BU3: 0 | BV3: 0 | BW3: 0 | BX3: 0 | BY3: 0 | BZ3: 0 | CA3: 0 | CB3: 0 | CC3: 0 | CD3: 0 | CE3: 0 | CF3: 0 | CG3: 0 | CH3: 0 | CI3: 0 | CJ3: 1 | CK3: 1 | CL3: 0 | CM3: 0 | CN3: 0 | CO3: 0 | CP3: 0 | CQ3: 0 | CR3: 0 | CS3: 0 | CT3: 0 | CU3: 0 | CV3: 0 | CW3: 0 | CX3: 0 | CY3: 0 | CZ3: 0 | DA3: 0 | DB3: 0 | DC3: 0 | DD3: 0 | DE3: 0 | DF3: 0 | DG3: 0 | DH3: 0 | DI3: 0 | DJ3: 0 | DK3: 0 | DL3: 1 | DM3: 1 | DN3: 0 | DO3: 0 | DP3: 0 | DQ3: 0 | DR3: 1 | DS3: 1 | DT3: 0 | DU3: 0 | DV3: 0 | DW3: 0 | DX3: 0 | DY3: 0 | DZ3: 0 | EA3: 0 | EB3: 0 | EC3: 0 | ED3: 0 | EE3: 0 | EF3: 0 | EG3: 0 | EH3: 0 | EI3: 0 | EJ3: 0 | EK3: 0 | EL3: 0 | EM3: 0 | EN3: 0 | EO3: 0 | EP3: 0 | EQ3: 0 | ER3: 0 | ES3: 0 | ET3: 0 | EU3: 0 | EV3: 0 | EW3: 0 | EX3: 0 | EY3: 0 | EZ3: 0 | FA3: 0 | FB3: 0 | FC3: 0 | FD3: 0 | FE3: 0 | FF3: 0 | FG3: 0 | FH3: 0 | FI3: 0 | FJ3: 0 | FK3: 0 | FL3: 0 | FM3: 0 | FN3: 0 | FO3: 0 | FP3: 0 | FQ3: 0 | FR3: 1 | FS3: 0 | FT3: 0 | FU3: 0 | FV3: 0 | FW3: 0
A4: Zander | B4: 0 | C4: 0 | D4: 1 | E4: 1 | F4: 1 | G4: 0 | H4: 2 | I4: 2 | J4: 0 | K4: 0 | L4: 1 | M4: 0 | N4: 0 | O4: 0 | P4: 0 | Q4: 0 | R4: 1 | S4: 0 | T4: 1 | U4: 1 | V4: 0 | W4: 0 | X4: 0 | Y4: 0 | Z4: 1 | AA4: 1 | AB4: 3 | AC4: 1 | AD4: 0 | AE4: 0 | AF4: 1 | AG4: 1 | AH4: 1 | AI4: 0 | AJ4: 1 | AK4: 0 | AL4: 0 | AM4: 0 | AN4: 1 | AO4: 1 | AP4: 0 | AQ4: 0 | AR4: 0 | AS4: 0 | AT4: 0 | AU4: 0 | AV4: 3 | AW4: 1 | AX4: 2 | AY4: 1 | AZ4: 0 | BA4: 0 | BB4: 0 | BC4: 0 | BD4: 0 | BE4: 0 | BF4: 0 | BG4: 0 | BH4: 0 | BI4: 0 | BJ4: 0 | BK4: 0 | BL4: 0 | BM4: 0 | BN4: 0 | BO4: 0 | BP4: 0 | BQ4: 0 | BR4: 0 | BS4: 0 | BT4: 0 | BU4: 0 | BV4: 0 | BW4: 0 | BX4: 0 | BY4: 0 | BZ4: 0 | CA4: 0 | CB4: 0 | CC4: 0 | CD4: 0 | CE4: 0 | CF4: 0 | CG4: 0 | CH4: 0 | CI4: 0 | CJ4: 1 | CK4: 1 | CL4: 0 | CM4: 0 | CN4: 3 | CO4: 0 | CP4: 1 | CQ4: 1 | CR4: 1 | CS4: 0 | CT4: 0 | CU4: 0 | CV4: 0 | CW4: 0 | CX4: 1 | CY4: 1 | CZ4: 0 | DA4: 0 | DB4: 0 | DC4: 0 | DD4: 0 | DE4: 0 | DF4: 0 | DG4: 0 | DH4: 0 | DI4: 0 | DJ4: 0 | DK4: 0 | DL4: 0 | DM4: 0 | DN4: 0 | DO4: 0 | DP4: 0 | DQ4: 0 | DR4: 0 | DS4: 0 | DT4: 0 | DU4: 0 | DV4: 0 | DW4: 0 | DX4: 0 | DY4: 0 | DZ4: 0 | EA4: 0 | EB4: 0 | EC4: 0 | ED4: 0 | EE4: 0 | EF4: 0 | EG4: 0 | EH4: 0 | EI4: 0 | EJ4: 0 | EK4: 0 | EL4: 0 | EM4: 0 | EN4: 0 | EO4: 0 | EP4: 0 | EQ4: 0 | ER4: 0 | ES4: 0 | ET4: 0 | EU4: 0 | EV4: 0 | EW4: 0 | EX4: 0 | EY4: 0 | EZ4: 0 | FA4: 0 | FB4: 0 | FC4: 0 | FD4: 1 | FE4: 0 | FF4: 0 | FG4: 0 | FH4: 0 | FI4: 0 | FJ4: 0 | FK4: 0 | FL4: 0 | FM4: 0 | FN4: 0 | FO4: 0 | FP4: 0 | FQ4: 0 | FR4: 0 | FS4: 0 | FT4: 0 | FU4: 0 | FV4: 0 | FW4: 0
A5: Matt | B5: 0 | C5: 0 | D5: 0 | E5: 0 | F5: 1 | G5: 0 | H5: 0 | I5: 0 | J5: 0 | K5: 0 | L5: 0 | M5: 0 | N5: 0 | O5: 0 | P5: 0 | Q5: 0 | R5: 2 | S5: 0 | T5: 0 | U5: 0 | V5: 1 | W5: 0 | X5: 1 | Y5: 0 | Z5: 1 | AA5: 1 | AB5: 0 | AC5: 0 | AD5: 0 | AE5: 0 | AF5: 1 | AG5: 0 | AH5: 3 | AI5: 1 | AJ5: 0 | AK5: 0 | AL5: 1 | AM5: 1 | AN5: 2 | AO5: 2 | AP5: 0 | AQ5: 0 | AR5: 0 | AS5: 0 | AT5: 0 | AU5: 0 | AV5: 1 | AW5: 0 | AX5: 3 | AY5: 0 | AZ5: 0 | BA5: 0 | BB5: 0 | BC5: 0 | BD5: 1 | BE5: 0 | BF5: 0 | BG5: 0 | BH5: 0 | BI5: 0 | BJ5: 0 | BK5: 0 | BL5: 1 | BM5: 1 | BN5: 1 | BO5: 1 | BP5: 1 | BQ5: 1 | BR5: 0 | BS5: 0 | BT5: 0 | BU5: 0 | BV5: 0 | BW5: 0 | BX5: 0 | BY5: 0 | BZ5: 0 | CA5: 0 | CB5: 0 | CC5: 0 | CD5: 0 | CE5: 0 | CF5: 0 | CG5: 0 | CH5: 0 | CI5: 0 | CJ5: 1 | CK5: 0 | CL5: 1 | CM5: 1 | CN5: 0 | CO5: 0 | CP5: 0 | CQ5: 0 | CR5: 0 | CS5: 0 | CT5: 0 | CU5: 0 | CV5: 1 | CW5: 0 | CX5: 0 | CY5: 0 | CZ5: 0 | DA5: 0 | DB5: 0 | DC5: 0 | DD5: 0 | DE5: 0 | DF5: 0 | DG5: 0 | DH5: 1 | DI5: 1 | DJ5: 0 | DK5: 0 | DL5: 0 | DM5: 0 | DN5: 0 | DO5: 0 | DP5: 0 | DQ5: 0 | DR5: 0 | DS5: 0 | DT5: 0 | DU5: 0 | DV5: 0 | DW5: 0 | DX5: 0 | DY5: 0 | DZ5: 0 | EA5: 0 | EB5: 0 | EC5: 0 | ED5: 0 | EE5: 0 | EF5: 0 | EG5: 0 | EH5: 0 | EI5: 0 | EJ5: 0 | EK5: 0 | EL5: 0 | EM5: 0 | EN5: 0 | EO5: 0 | EP5: 0 | EQ5: 0 | ER5: 0 | ES5: 0 | ET5: 0 | EU5: 0 | EV5: 0 | EW5: 0 | EX5: 0 | EY5: 0 | EZ5: 0 | FA5: 0 | FB5: 0 | FC5: 0 | FD5: 0 | FE5: 0 | FF5: 0 | FG5: 0 | FH5: 0 | FI5: 0 | FJ5: 0 | FK5: 0 | FL5: 0 | FM5: 0 | FN5: 0 | FO5: 0 | FP5: 0 | FQ5: 0 | FR5: 0 | FS5: 0 | FT5: 0 | FU5: 0 | FV5: 0 | FW5: 0
A6: Michael | B6: 0 | C6: 0 | D6: 1 | E6: 0 | F6: 0 | G6: 0 | H6: 0 | I6: 0 | J6: 0 | K6: 0 | L6: 2 | M6: 2 | N6: 1 | O6: 1 | P6: 0 | Q6: 0 | R6: 1 | S6: 0 | T6: 0 | U6: 0 | V6: 1 | W6: 1 | X6: 0 | Y6: 0 | Z6: 2 | AA6: 1 | AB6: 1 | AC6: 0 | AD6: 1 | AE6: 0 | AF6: 0 | AG6: 0 | AH6: 0 | AI6: 0 | AJ6: 1 | AK6: 1 | AL6: 0 | AM6: 0 | AN6: 1 | AO6: 1 | AP6: 1 | AQ6: 1 | AR6: 1 | AS6: 0 | AT6: 1 | AU6: 1 | AV6: 0 | AW6: 0 | AX6: 0 | AY6: 0 | AZ6: 0 | BA6: 0 | BB6: 0 | BC6: 0 | BD6: 0 | BE6: 0 | BF6: 0 | BG6: 0 | BH6: 0 | BI6: 0 | BJ6: 0 | BK6: 0 | BL6: 2 | BM6: 0 | BN6: 0 | BO6: 0 | BP6: 0 | BQ6: 0 | BR6: 0 | BS6: 0 | BT6: 0 | BU6: 0 | BV6: 0 | BW6: 0 | BX6: 0 | BY6: 0 | BZ6: 1 | CA6: 0 | CB6: 0 | CC6: 0 | CD6: 0 | CE6: 0 | CF6: 0 | CG6: 0 | CH6: 0 | CI6: 0 | CJ6: 0 | CK6: 0 | CL6: 1 | CM6: 1 | CN6: 2 | CO6: 0 | CP6: 3 | CQ6: 3 | CR6: 3 | CS6: 1 | CT6: 0 | CU6: 0 | CV6: 0 | CW6: 0 | CX6: 0 | CY6: 0 | CZ6: 0 | DA6: 0 | DB6: 0 | DC6: 0 | DD6: 0 | DE6: 0 | DF6: 0 | DG6: 0 | DH6: 0 | DI6: 0 | DJ6: 0 | DK6: 0 | DL6: 0 | DM6: 0 | DN6: 0 | DO6: 0 | DP6: 1 | DQ6: 1 | DR6: 0 | DS6: 0 | DT6: 0 | DU6: 0 | DV6: 0 | DW6: 0 | DX6: 0 | DY6: 0 | DZ6: 0 | EA6: 0 | EB6: 0 | EC6: 0 | ED6: 0 | EE6: 0 | EF6: 0 | EG6: 0 | EH6: 0 | EI6: 0 | EJ6: 1 | EK6: 1 | EL6: 1 | EM6: 1 | EN6: 1 | EO6: 0 | EP6: 1 | EQ6: 0 | ER6: 0 | ES6: 0 | ET6: 0 | EU6: 0 | EV6: 0 | EW6: 0 | EX6: 0 | EY6: 0 | EZ6: 0 | FA6: 0 | FB6: 0 | FC6: 0 | FD6: 0 | FE6: 0 | FF6: 0 | FG6: 0 | FH6: 0 | FI6: 0 | FJ6: 0 | FK6: 0 | FL6: 0 | FM6: 0 | FN6: 0 | FO6: 0 | FP6: 0 | FQ6: 0 | FR6: 0 | FS6: 0 | FT6: 0 | FU6: 0 | FV6: 0 | FW6: 0
A7: Jordan | B7: 1 | C7: 0 | D7: 0 | E7: 0 | F7: 0 | G7: 0 | H7: 0 | I7: 0 | J7: 0 | K7: 0 | L7: 0 | M7: 0 | N7: 0 | O7: 0 | P7: 0 | Q7: 0 | R7: 1 | S7: 0 | T7: 0 | U7: 0 | V7: 0 | W7: 0 | X7: 1 | Y7: 0 | Z7: 1 | AA7: 0 | AB7: 2 | AC7: 1 | AD7: 0 | AE7: 0 | AF7: 0 | AG7: 0 | AH7: 0 | AI7: 0 | AJ7: 1 | AK7: 1 | AL7: 0 | AM7: 0 | AN7: 0 | AO7: 0 | AP7: 0 | AQ7: 0 | AR7: 0 | AS7: 0 | AT7: 0 | AU7: 0 | AV7: 4 | AW7: 2 | AX7: 1 | AY7: 0 | AZ7: 0 | BA7: 0 | BB7: 0 | BC7: 0 | BD7: 1 | BE7: 0 | BF7: 1 | BG7: 0 | BH7: 1 | BI7: 1 | BJ7: 0 | BK7: 0 | BL7: 0 | BM7: 0 | BN7: 0 | BO7: 0 | BP7: 0 | BQ7: 0 | BR7: 0 | BS7: 0 | BT7: 0 | BU7: 0 | BV7: 0 | BW7: 0 | BX7: 0 | BY7: 0 | BZ7: 0 | CA7: 0 | CB7: 0 | CC7: 0 | CD7: 0 | CE7: 0 | CF7: 0 | CG7: 0 | CH7: 0 | CI7: 0 | CJ7: 1 | CK7: 1 | CL7: 0 | CM7: 0 | CN7: 0 | CO7: 0 | CP7: 0 | CQ7: 0 | CR7: 0 | CS7: 0 | CT7: 0 | CU7: 0 | CV7: 0 | CW7: 0 | CX7: 0 | CY7: 0 | CZ7: 0 | DA7: 0 | DB7: 0 | DC7: 0 | DD7: 0 | DE7: 0 | DF7: 0 | DG7: 0 | DH7: 0 | DI7: 0 | DJ7: 0 | DK7: 0 | DL7: 0 | DM7: 0 | DN7: 0 | DO7: 0 | DP7: 0 | DQ7: 0 | DR7: 0 | DS7: 0 | DT7: 0 | DU7: 0 | DV7: 0 | DW7: 0 | DX7: 0 | DY7: 0 | DZ7: 0 | EA7: 0 | EB7: 0 | EC7: 0 | ED7: 0 | EE7: 0 | EF7: 0 | EG7: 0 | EH7: 0 | EI7: 0 | EJ7: 0 | EK7: 0 | EL7: 0 | EM7: 0 | EN7: 0 | EO7: 0 | EP7: 0 | EQ7: 0 | ER7: 0 | ES7: 0 | ET7: 0 | EU7: 0 | EV7: 0 | EW7: 0 | EX7: 0 | EY7: 0 | EZ7: 0 | FA7: 0 | FB7: 0 | FC7: 0 | FD7: 0 | FE7: 0 | FF7: 0 | FG7: 0 | FH7: 0 | FI7: 0 | FJ7: 0 | FK7: 0 | FL7: 0 | FM7: 0 | FN7: 0 | FO7: 0 | FP7: 0 | FQ7: 0 | FR7: 0 | FS7: 0 | FT7: 0 | FU7: 0 | FV7: 0 | FW7: 0
A8: Cj | B8: 0 | C8: 0 | D8: 0 | E8: 0 | F8: 1 | G8: 0 | H8: 0 | I8: 0 | J8: 1 | K8: 1 | L8: 2 | M8: 0 | N8: 0 | O8: 0 | P8: 0 | Q8: 0 | R8: 4 | S8: 0 | T8: 0 | U8: 0 | V8: 1 | W8: 1 | X8: 1 | Y8: 0 | Z8: 0 | AA8: 0 | AB8: 1 | AC8: 1 | AD8: 0 | AE8: 0 | AF8: 0 | AG8: 0 | AH8: 4 | AI8: 0 | AJ8: 0 | AK8: 0 | AL8: 0 | AM8: 0 | AN8: 0 | AO8: 0 | AP8: 0 | AQ8: 0 | AR8: 0 | AS8: 0 | AT8: 0 | AU8: 0 | AV8: 5 | AW8: 3 | AX8: 3 | AY8: 1 | AZ8: 2 | BA8: 1 | BB8: 1 | BC8: 1 | BD8: 0 | BE8: 0 | BF8: 0 | BG8: 0 | BH8: 0 | BI8: 0 | BJ8: 0 | BK8: 0 | BL8: 1 | BM8: 0 | BN8: 1 | BO8: 1 | BP8: 0 | BQ8: 0 | BR8: 0 | BS8: 0 | BT8: 0 | BU8: 0 | BV8: 0 | BW8: 0 | BX8: 0 | BY8: 0 | BZ8: 0 | CA8: 0 | CB8: 0 | CC8: 0 | CD8: 0 | CE8: 0 | CF8: 0 | CG8: 0 | CH8: 0 | CI8: 0 | CJ8: 0 | CK8: 0 | CL8: 0 | CM8: 0 | CN8: 0 | CO8: 0 | CP8: 0 | CQ8: 0 | CR8: 0 | CS8: 0 | CT8: 0 | CU8: 0 | CV8: 1 | CW8: 0 | CX8: 0 | CY8: 0 | CZ8: 1 | DA8: 0 | DB8: 0 | DC8: 0 | DD8: 0 | DE8: 0 | DF8: 0 | DG8: 0 | DH8: 0 | DI8: 0 | DJ8: 0 | DK8: 0 | DL8: 0 | DM8: 0 | DN8: 0 | DO8: 0 | DP8: 0 | DQ8: 0 | DR8: 0 | DS8: 0 | DT8: 0 | DU8: 0 | DV8: 0 | DW8: 0 | DX8: 0 | DY8: 0 | DZ8: 0 | EA8: 0 | EB8: 0 | EC8: 0 | ED8: 0 | EE8: 0 | EF8: 0 | EG8: 0 | EH8: 0 | EI8: 0 | EJ8: 0 | EK8: 0 | EL8: 0 | EM8: 0 | EN8: 0 | EO8: 0 | EP8: 0 | EQ8: 0 | ER8: 0 | ES8: 0 | ET8: 0 | EU8: 0 | EV8: 0 | EW8: 0 | EX8: 0 | EY8: 0 | EZ8: 0 | FA8: 0 | FB8: 0 | FC8: 0 | FD8: 0 | FE8: 0 | FF8: 0 | FG8: 0 | FH8: 0 | FI8: 0 | FJ8: 0 | FK8: 0 | FL8: 0 | FM8: 0 | FN8: 0 | FO8: 0 | FP8: 0 | FQ8: 0 | FR8: 0 | FS8: 0 | FT8: 0 | FU8: 0 | FV8: 0 | FW8: 0
A9: Mauro | B9: 0 | C9: 0 | D9: 1 | E9: 0 | F9: 0 | G9: 0 | H9: 0 | I9: 0 | J9: 0 | K9: 0 | L9: 1 | M9: 0 | N9: 1 | O9: 0 | P9: 0 | Q9: 0 | R9: 2 | S9: 0 | T9: 0 | U9: 0 | V9: 0 | W9: 0 | X9: 1 | Y9: 1 | Z9: 0 | AA9: 0 | AB9: 1 | AC9: 0 | AD9: 0 | AE9: 0 | AF9: 1 | AG9: 0 | AH9: 0 | AI9: 0 | AJ9: 0 | AK9: 0 | AL9: 1 | AM9: 1 | AN9: 1 | AO9: 1 | AP9: 0 | AQ9: 0 | AR9: 0 | AS9: 0 | AT9: 0 | AU9: 0 | AV9: 4 | AW9: 1 | AX9: 1 | AY9: 0 | AZ9: 1 | BA9: 0 | BB9: 1 | BC9: 1 | BD9: 1 | BE9: 0 | BF9: 0 | BG9: 0 | BH9: 0 | BI9: 0 | BJ9: 1 | BK9: 1 | BL9: 3 | BM9: 1 | BN9: 0 | BO9: 0 | BP9: 0 | BQ9: 0 | BR9: 0 | BS9: 0 | BT9: 0 | BU9: 0 | BV9: 0 | BW9: 0 | BX9: 0 | BY9: 0 | BZ9: 0 | CA9: 0 | CB9: 0 | CC9: 0 | CD9: 0 | CE9: 0 | CF9: 0 | CG9: 0 | CH9: 0 | CI9: 0 | CJ9: 1 | CK9: 1 | CL9: 0 | CM9: 0 | CN9: 0 | CO9: 0 | CP9: 0 | CQ9: 0 | CR9: 0 | CS9: 0 | CT9: 0 | CU9: 0 | CV9: 0 | CW9: 0 | CX9: 0 | CY9: 0 | CZ9: 0 | DA9: 0 | DB9: 0 | DC9: 0 | DD9: 0 | DE9: 0 | DF9: 0 | DG9: 0 | DH9: 0 | DI9: 0 | DJ9: 0 | DK9: 0 | DL9: 0 | DM9: 0 | DN9: 0 | DO9: 0 | DP9: 0 | DQ9: 0 | DR9: 0 | DS9: 0 | DT9: 0 | DU9: 0 | DV9: 0 | DW9: 0 | DX9: 0 | DY9: 0 | DZ9: 0 | EA9: 0 | EB9: 0 | EC9: 0 | ED9: 0 | EE9: 0 | EF9: 0 | EG9: 0 | EH9: 0 | EI9: 0 | EJ9: 0 | EK9: 0 | EL9: 0 | EM9: 0 | EN9: 0 | EO9: 0 | EP9: 0 | EQ9: 0 | ER9: 0 | ES9: 0 | ET9: 0 | EU9: 0 | EV9: 0 | EW9: 0 | EX9: 0 | EY9: 0 | EZ9: 0 | FA9: 0 | FB9: 0 | FC9: 0 | FD9: 0 | FE9: 0 | FF9: 0 | FG9: 0 | FH9: 0 | FI9: 0 | FJ9: 1 | FK9: 1 | FL9: 0 | FM9: 0 | FN9: 0 | FO9: 0 | FP9: 1 | FQ9: 1 | FR9: 0 | FS9: 0 | FT9: 0 | FU9: 0 | FV9: 0 | FW9: 0
A10: Ej | B10: 0 | C10: 0 | D10: 1 | E10: 0 | F10: 0 | G10: 0 | H10: 1 | I10: 1 | J10: 0 | K10: 0 | L10: 2 | M10: 1 | N10: 0 | O10: 0 | P10: 0 | Q10: 0 | R10: 0 | S10: 0 | T10: 0 | U10: 0 | V10: 0 | W10: 0 | X10: 3 | Y10: 1 | Z10: 0 | AA10: 0 | AB10: 0 | AC10: 0 | AD10: 0 | AE10: 0 | AF10: 0 | AG10: 0 | AH10: 1 | AI10: 1 | AJ10: 0 | AK10: 0 | AL10: 0 | AM10: 0 | AN10: 0 | AO10: 0 | AP10: 0 | AQ10: 0 | AR10: 0 | AS10: 0 | AT10: 0 | AU10: 0 | AV10: 0 | AW10: 0 | AX10: 0 | AY10: 0 | AZ10: 1 | BA10: 1 | BB10: 0 | BC10: 0 | BD10: 0 | BE10: 0 | BF10: 0 | BG10: 0 | BH10: 0 | BI10: 0 | BJ10: 0 | BK10: 0 | BL10: 1 | BM10: 1 | BN10: 0 | BO10: 0 | BP10: 0 | BQ10: 0 | BR10: 1 | BS10: 1 | BT10: 0 | BU10: 0 | BV10: 0 | BW10: 0 | BX10: 0 | BY10: 0 | BZ10: 0 | CA10: 0 | CB10: 0 | CC10: 0 | CD10: 0 | CE10: 0 | CF10: 0 | CG10: 0 | CH10: 0 | CI10: 0 | CJ10: 0 | CK10: 0 | CL10: 0 | CM10: 0 | CN10: 0 | CO10: 0 | CP10: 0 | CQ10: 0 | CR10: 0 | CS10: 0 | CT10: 0 | CU10: 0 | CV10: 0 | CW10: 0 | CX10: 0 | CY10: 0 | CZ10: 0 | DA10: 0 | DB10: 0 | DC10: 0 | DD10: 0 | DE10: 0 | DF10: 0 | DG10: 0 | DH10: 0 | DI10: 0 | DJ10: 0 | DK10: 0 | DL10: 0 | DM10: 0 | DN10: 0 | DO10: 0 | DP10: 0 | DQ10: 0 | DR10: 0 | DS10: 0 | DT10: 0 | DU10: 0 | DV10: 0 | DW10: 0 | DX10: 0 | DY10: 0 | DZ10: 0 | EA10: 0 | EB10: 0 | EC10: 0 | ED10: 0 | EE10: 0 | EF10: 0 | EG10: 0 | EH10: 0 | EI10: 0 | EJ10: 0 | EK10: 0 | EL10: 0 | EM10: 0 | EN10: 0 | EO10: 0 | EP10: 0 | EQ10: 0 | ER10: 0 | ES10: 0 | ET10: 0 | EU10: 0 | EV10: 0 | EW10: 0 | EX10: 0 | EY10: 0 | EZ10: 0 | FA10: 0 | FB10: 0 | FC10: 0 | FD10: 0 | FE10: 0 | FF10: 0 | FG10: 0 | FH10: 0 | FI10: 0 | FJ10: 0 | FK10: 0 | FL10: 0 | FM10: 0 | FN10: 0 | FO10: 0 | FP10: 0 | FQ10: 0 | FR10: 0 | FS10: 0 | FT10: 0 | FU10: 0 | FV10: 0 | FW10: 0
A11: Chris 2.0 | B11: 0 | C11: 0 | D11: 1 | E11: 0 | F11: 0 | G11: 0 | H11: 0 | I11: 0 | J11: 0 | K11: 0 | L11: 2 | M11: 1 | N11: 0 | O11: 0 | P11: 0 | Q11: 0 | R11: 2 | S11: 0 | T11: 0 | U11: 0 | V11: 0 | W11: 0 | X11: 4 | Y11: 4 | Z11: 1 | AA11: 1 | AB11: 1 | AC11: 0 | AD11: 1 | AE11: 0 | AF11: 0 | AG11: 0 | AH11: 1 | AI11: 0 | AJ11: 0 | AK11: 0 | AL11: 0 | AM11: 0 | AN11: 0 | AO11: 0 | AP11: 0 | AQ11: 0 | AR11: 0 | AS11: 0 | AT11: 0 | AU11: 0 | AV11: 3 | AW11: 2 | AX11: 0 | AY11: 0 | AZ11: 0 | BA11: 0 | BB11: 0 | BC11: 0 | BD11: 1 | BE11: 0 | BF11: 1 | BG11: 0 | BH11: 0 | BI11: 0 | BJ11: 0 | BK11: 0 | BL11: 0 | BM11: 0 | BN11: 0 | BO11: 0 | BP11: 0 | BQ11: 0 | BR11: 0 | BS11: 0 | BT11: 1 | BU11: 1 | BV11: 0 | BW11: 0 | BX11: 0 | BY11: 0 | BZ11: 0 | CA11: 0 | CB11: 0 | CC11: 0 | CD11: 0 | CE11: 0 | CF11: 0 | CG11: 0 | CH11: 0 | CI11: 0 | CJ11: 1 | CK11: 0 | CL11: 0 | CM11: 0 | CN11: 0 | CO11: 0 | CP11: 0 | CQ11: 0 | CR11: 0 | CS11: 0 | CT11: 1 | CU11: 0 | CV11: 0 | CW11: 0 | CX11: 0 | CY11: 0 | CZ11: 0 | DA11: 0 | DB11: 0 | DC11: 0 | DD11: 0 | DE11: 0 | DF11: 1 | DG11: 0 | DH11: 0 | DI11: 0 | DJ11: 0 | DK11: 0 | DL11: 0 | DM11: 0 | DN11: 0 | DO11: 0 | DP11: 0 | DQ11: 0 | DR11: 0 | DS11: 0 | DT11: 0 | DU11: 0 | DV11: 1 | DW11: 1 | DX11: 0 | DY11: 0 | DZ11: 0 | EA11: 0 | EB11: 0 | EC11: 0 | ED11: 0 | EE11: 0 | EF11: 0 | EG11: 0 | EH11: 0 | EI11: 0 | EJ11: 0 | EK11: 0 | EL11: 0 | EM11: 0 | EN11: 0 | EO11: 0 | EP11: 0 | EQ11: 0 | ER11: 0 | ES11: 0 | ET11: 0 | EU11: 0 | EV11: 0 | EW11: 0 | EX11: 0 | EY11: 0 | EZ11: 0 | FA11: 0 | FB11: 0 | FC11: 0 | FD11: 0 | FE11: 0 | FF11: 0 | FG11: 0 | FH11: 0 | FI11: 0 | FJ11: 0 | FK11: 0 | FL11: 0 | FM11: 0 | FN11: 0 | FO11: 0 | FP11: 0 | FQ11: 0 | FR11: 0 | FS11: 0 | FT11: 0 | FU11: 0 | FV11: 0 | FW11: 0
A12: Lukas | B12: 0 | C12: 0 | D12: 2 | E12: 2 | F12: 1 | G12: 0 | H12: 0 | I12: 0 | J12: 0 | K12: 0 | L12: 0 | M12: 0 | N12: 1 | O12: 0 | P12: 1 | Q12: 1 | R12: 1 | S12: 0 | T12: 0 | U12: 0 | V12: 1 | W12: 1 | X12: 1 | Y12: 1 | Z12: 2 | AA12: 1 | AB12: 0 | AC12: 0 | AD12: 1 | AE12: 1 | AF12: 0 | AG12: 0 | AH12: 0 | AI12: 0 | AJ12: 1 | AK12: 1 | AL12: 0 | AM12: 0 | AN12: 0 | AO12: 0 | AP12: 0 | AQ12: 0 | AR12: 0 | AS12: 0 | AT12: 1 | AU12: 1 | AV12: 2 | AW12: 0 | AX12: 1 | AY12: 0 | AZ12: 0 | BA12: 0 | BB12: 0 | BC12: 0 | BD12: 1 | BE12: 1 | BF12: 0 | BG12: 0 | BH12: 0 | BI12: 0 | BJ12: 0 | BK12: 0 | BL12: 1 | BM12: 0 | BN12: 0 | BO12: 0 | BP12: 0 | BQ12: 0 | BR12: 0 | BS12: 0 | BT12: 0 | BU12: 0 | BV12: 2 | BW12: 2 | BX12: 2 | BY12: 1 | BZ12: 1 | CA12: 1 | CB12: 1 | CC12: 1 | CD12: 0 | CE12: 0 | CF12: 0 | CG12: 0 | CH12: 0 | CI12: 0 | CJ12: 1 | CK12: 1 | CL12: 0 | CM12: 0 | CN12: 0 | CO12: 0 | CP12: 0 | CQ12: 0 | CR12: 1 | CS12: 1 | CT12: 0 | CU12: 0 | CV12: 0 | CW12: 0 | CX12: 0 | CY12: 0 | CZ12: 0 | DA12: 0 | DB12: 0 | DC12: 0 | DD12: 0 | DE12: 0 | DF12: 0 | DG12: 0 | DH12: 0 | DI12: 0 | DJ12: 1 | DK12: 1 | DL12: 1 | DM12: 1 | DN12: 1 | DO12: 0 | DP12: 0 | DQ12: 0 | DR12: 0 | DS12: 0 | DT12: 0 | DU12: 0 | DV12: 0 | DW12: 0 | DX12: 0 | DY12: 0 | DZ12: 0 | EA12: 0 | EB12: 0 | EC12: 0 | ED12: 0 | EE12: 0 | EF12: 0 | EG12: 0 | EH12: 0 | EI12: 0 | EJ12: 0 | EK12: 0 | EL12: 0 | EM12: 0 | EN12: 0 | EO12: 0 | EP12: 0 | EQ12: 0 | ER12: 0 | ES12: 0 | ET12: 0 | EU12: 0 | EV12: 0 | EW12: 0 | EX12: 1 | EY12: 1 | EZ12: 0 | FA12: 0 | FB12: 0 | FC12: 0 | FD12: 0 | FE12: 0 | FF12: 0 | FG12: 0 | FH12: 0 | FI12: 0 | FJ12: 0 | FK12: 0 | FL12: 0 | FM12: 0 | FN12: 0 | FO12: 0 | FP12: 0 | FQ12: 0 | FR12: 0 | FS12: 0 | FT12: 0 | FU12: 0 | FV12: 0 | FW12: 0
A13: Sam | B13: 0 | C13: 0 | D13: 0 | E13: 0 | F13: 3 | G13: 1 | H13: 2 | I13: 1 | J13: 0 | K13: 0 | L13: 0 | M13: 0 | N13: 1 | O13: 0 | P13: 0 | Q13: 0 | R13: 1 | S13: 1 | T13: 0 | U13: 0 | V13: 1 | W13: 1 | X13: 1 | Y13: 1 | Z13: 0 | AA13: 0 | AB13: 2 | AC13: 1 | AD13: 0 | AE13: 0 | AF13: 0 | AG13: 0 | AH13: 0 | AI13: 0 | AJ13: 0 | AK13: 0 | AL13: 0 | AM13: 0 | AN13: 0 | AO13: 0 | AP13: 0 | AQ13: 0 | AR13: 0 | AS13: 0 | AT13: 0 | AU13: 0 | AV13: 4 | AW13: 1 | AX13: 0 | AY13: 0 | AZ13: 0 | BA13: 0 | BB13: 0 | BC13: 0 | BD13: 1 | BE13: 0 | BF13: 0 | BG13: 0 | BH13: 0 | BI13: 0 | BJ13: 0 | BK13: 0 | BL13: 0 | BM13: 0 | BN13: 0 | BO13: 0 | BP13: 0 | BQ13: 0 | BR13: 0 | BS13: 0 | BT13: 0 | BU13: 0 | BV13: 0 | BW13: 0 | BX13: 0 | BY13: 0 | BZ13: 0 | CA13: 0 | CB13: 0 | CC13: 0 | CD13: 0 | CE13: 0 | CF13: 1 | CG13: 0 | CH13: 0 | CI13: 0 | CJ13: 2 | CK13: 2 | CL13: 1 | CM13: 1 | CN13: 0 | CO13: 0 | CP13: 0 | CQ13: 0 | CR13: 0 | CS13: 0 | CT13: 0 | CU13: 0 | CV13: 0 | CW13: 0 | CX13: 0 | CY13: 0 | CZ13: 0 | DA13: 0 | DB13: 0 | DC13: 0 | DD13: 0 | DE13: 0 | DF13: 0 | DG13: 0 | DH13: 0 | DI13: 0 | DJ13: 0 | DK13: 0 | DL13: 0 | DM13: 0 | DN13: 0 | DO13: 0 | DP13: 0 | DQ13: 0 | DR13: 0 | DS13: 0 | DT13: 0 | DU13: 0 | DV13: 0 | DW13: 0 | DX13: 0 | DY13: 0 | DZ13: 0 | EA13: 0 | EB13: 0 | EC13: 0 | ED13: 0 | EE13: 0 | EF13: 0 | EG13: 0 | EH13: 0 | EI13: 0 | EJ13: 0 | EK13: 0 | EL13: 0 | EM13: 0 | EN13: 0 | EO13: 0 | EP13: 0 | EQ13: 0 | ER13: 0 | ES13: 0 | ET13: 0 | EU13: 0 | EV13: 0 | EW13: 0 | EX13: 0 | EY13: 0 | EZ13: 0 | FA13: 0 | FB13: 2 | FC13: 1 | FD13: 0 | FE13: 0 | FF13: 0 | FG13: 0 | FH13: 0 | FI13: 0 | FJ13: 0 | FK13: 0 | FL13: 1 | FM13: 0 | FN13: 1 | FO13: 1 | FP13: 0 | FQ13: 0 | FR13: 0 | FS13: 0 | FT13: 0 | FU13: 0 | FV13: 0 | FW13: 0
... A21: Victoria | B21: 0 | C21: 0 | D21: 0 | E21: 0 | F21: 0 | G21: 0 | H21: 0 | I21: 0 | J21: 0 | K21: 0 | L21: 0 | M21: 0 | N21: 0 | O21: 0 | P21: 0 | Q21: 0 | R21: 0 | S21: 0 | T21: 0 | U21: 0 | V21: 0 | W21: 0 | X21: 1 | Y21: 0 | Z21: 0 | AA21: 0 | AB21: 1 | AC21: 0 | AD21: 0 | AE21: 0 | AF21: 0 | AG21: 0 | AH21: 0 | AI21: 0 | AJ21: 0 | AK21: 0 | AL21: 0 | AM21: 0 | AN21: 0 | AO21: 0 | AP21: 0 | AQ21: 0 | AR21: 0 | AS21: 0 | AT21: 0 | AU21: 0 | AV21: 0 | AW21: 0 | AX21: 1 | AY21: 0 | AZ21: 0 | BA21: 0 | BB21: 0 | BC21: 0 | BD21: 0 | BE21: 0 | BF21: 0 | BG21: 0 | BH21: 0 | BI21: 0 | BJ21: 0 | BK21: 0 | BL21: 0 | BM21: 0 | BN21: 1 | BO21: 1 | BP21: 0 | BQ21: 0 | BR21: 0 | BS21: 0 | BT21: 0 | BU21: 0 | BV21: 0 | BW21: 0 | BX21: 0 | BY21: 0 | BZ21: 0 | CA21: 0 | CB21: 0 | CC21: 0 | CD21: 0 | CE21: 0 | CF21: 1 | CG21: 1 | CH21: 0 | CI21: 0 | CJ21: 0 | CK21: 0 | CL21: 0 | CM21: 0 | CN21: 0 | CO21: 0 | CP21: 0 | CQ21: 0 | CR21: 0 | CS21: 0 | CT21: 0 | CU21: 0 | CV21: 0 | CW21: 0 | CX21: 0 | CY21: 0 | CZ21: 0 | DA21: 0 | DB21: 1 | DC21: 1 | DD21: 0 | DE21: 0 | DF21: 0 | DG21: 0 | DH21: 0 | DI21: 0 | DJ21: 0 | DK21: 0 | DL21: 0 | DM21: 0 | DN21: 0 | DO21: 0 | DP21: 0 | DQ21: 0 | DR21: 0 | DS21: 0 | DT21: 0 | DU21: 0 | DV21: 0 | DW21: 0 | DX21: 0 | DY21: 0 | DZ21: 0 | EA21: 0 | EB21: 0 | EC21: 0 | ED21: 0 | EE21: 0 | EF21: 0 | EG21: 0 | EH21: 0 | EI21: 0 | EJ21: 0 | EK21: 0 | EL21: 0 | EM21: 0 | EN21: 0 | EO21: 0 | EP21: 0 | EQ21: 0 | ER21: 0 | ES21: 0 | ET21: 0 | EU21: 0 | EV21: 0 | EW21: 0 | EX21: 0 | EY21: 0 | EZ21: 0 | FA21: 0 | FB21: 1 | FC21: 1 | FD21: 0 | FE21: 0 | FF21: 0 | FG21: 0 | FH21: 0 | FI21: 0 | FJ21: 0 | FK21: 0 | FL21: 0 | FM21: 0 | FN21: 0 | FO21: 0 | FP21: 0 | FQ21: 0 | FR21: 0 | FS21: 0 | FT21: 0 | FU21: 0 | FV21: 0 | FW21: 0

Sheet Sheet3
A1: name | B1: games | C1: pinfall | D1: frames | E1: strikes | F1: doubles | G1: spares | H1: spare attempts | I1: single pin spares | J1: single pin attempts | K1: Clean Games | L1: High Game
A2: Luna | B2: 5 | C2: 767 | D2: 51 | E2: 16 | F2: 3 | G2: 15 | H2: 33 | I2: 6 | J2: 10 | K2: 0 | L2: 176
A3: Alex | B3: 5 | C3: 829 | D3: 50 | E3: 16 | F3: 7 | G3: 16 | H3: 33 | I3: 8 | J3: 15 | K3: 0 | L3: 185
A4: Zander | B4: 5 | C4: 885 | D4: 53 | E4: 24 | F4: 9 | G4: 15 | H4: 28 | I4: 6 | J4: 9 | K4: 0 | L4: 210
A5: Matt | B5: 5 | C5: 991 | D5: 51 | E5: 23 | F5: 14 | G5: 15 | H5: 25 | I5: 7 | J5: 9 | K5: 0 | L5: 221
A6: Michael | B6: 4 | C6: 578 | D6: 40 | E6: 7 | F6: 0 | G6: 15 | H6: 32 | I6: 4 | J6: 7 | K6: 0 | L6: 424
A7: Jordan | B7: 3 | C7: 592 | D7: 33 | E7: 17 | F7: 10 | G7: 10 | H7: 16 | I7: 6 | J7: 9 | K7: 1 | L7: 247
A8: Cj | B8: 5 | C8: 938 | D8: 54 | E8: 24 | F8: 12 | G8: 20 | H8: 30 | I8: 11 | J8: 16 | K8: 1 | L8: 217
A9: Mauro | B9: 4 | C9: 712 | D9: 43 | E9: 18 | F9: 6 | G9: 15 | H9: 25 | I9: 10 | J9: 12 | K9: 0 | L9: 201
A10: Ej | B10: 2 | C10: 353 | D10: 20 | E10: 8 | F10: 4 | G10: 5 | H10: 12 | I10: 2 | J10: 4 | K10: 0 | L10: 184
A11: Chris 2.0 | B11: 4 | C11: 747 | D11: 42 | E11: 18 | F11: 10 | G11: 14 | H11: 24 | I11: 7 | J11: 10 | K11: 0 | L11: 257
A12: Lukas | B12: 4 | C12: 566 | D12: 40 | E12: 9 | F12: 3 | G12: 10 | H12: 30 | I12: 6 | J12: 7 | K12: 0 | L12: 182
A13: Sam | B13: 3 | C13: 449 | D13: 32 | E13: 8 | F13: 3 | G13: 12 | H13: 24 | I13: 6 | J13: 9 | K13: 0 | L13: 163
... A21: Victoria | B21: 1 | C21: 151 | D21: 11 | E21: 4 | F21: 1 | G21: 3 | H21: 7 | I21: 2 | J21: 2 | K21: 0 | L21: 151
